﻿Designator,Footprint,Quantity,Value,LCSC Part #
"C1, C10, C11, C12, C2, C4, C7, C8, C9",0603,9,100n,
"C13, C15, C5",0603,3,10n,
C3,0603,1,22u,
C6,CP_Elec_4x5.8,1,10u,
"D1, D2, D3, D4",LED_4691_Neopixel_Edge,4,WS2812B-2020,
J1,CONN-TH_WJ126V-5.0-2P,1,WJ126V-5.0-2P,
J2,JST_XH_B4B-XH-A_1x04_P2.50mm_Vertical,1,A02YYUW,
J3,PinHeader_1x02_P2.54mm_Vertical,1,Taster,
J4,PinSocket_1x02_P2.54mm_Vertical,1,Tiefensensor,
J5,PinHeader_1x03_P2.54mm_Vertical,1,Roter,
"JTAG1, UART1",490107670612,2,490107670612,
"R1, R17, R18, R2",0805,4,R,
R10,R_LDR_5.0x4.1mm_P3mm_Vertical,1,R_Photo,
R11,0603,1,10M,
"R12, R9",0603,2,4k7,
"R13, R14, R16, R20, R3, R5, R6, R7, R8",0603,9,10k,
R15,0805,1,150R,
"R19, R4",0603,2,1k,
"S1, S3",TL1105AF160Q,2,TL1105AF160Q,
TP1,TestPoint_Pad_1.0x1.0mm,1,Neopxl,
TP2,TestPoint_Pad_2.0x2.0mm,1,3V3,
TP3,TestPoint_Pad_2.0x2.0mm,1,5V,
TP5,TestPoint_Pad_2.0x2.0mm,1,GND,
U1,PWRM-TH_4P-L45.7-W25.4-P8.0,1,IRM-10-5_C20618064,C20618064
"U10, U2",VC-D-40-A,2,~,
U3,ESP32-S3-WROOM-1,1,ESP32-S3-WROOM-1-N16R8,
U4,LGA-16_L3.0-W3.0-P0.50-TL,1,LIS3DHTR_C15134,C15134
U5,XIAO-ESP32S3-DIP,1,XIAO-ESP32-S3-DIP,
U6,VSSOP-10_3x3mm_P0.5mm,1,ADS1115IDGS,
"U7, U8",TO-92_Inline,2,DS18B20,
